{"cameraMode":{"drawMode":0,"name":"Shaded","section":"Shading Mode"},"sceneLighting":false,"audioPlay":false,"sceneViewState":{"m_AlwaysRefresh":false,"showFog":true,"showSkybox":false,"showFlares":true,"showImageEffects":true,"showParticleSystems":true,"showVisualEffectGraphs":true,"m_FxEnabled":true},"in2DMode":false,"pivot":{"x":-0.24786606431007386,"y":0.2585781216621399,"z":0.8479522466659546},"rotation":{"x":-0.013810614123940468,"y":-0.002402804559096694,"z":0.000027260102797299623,"w":-0.99991774559021},"size":1.688564419746399,"orthographic":false}